nom_structure;type_structure;ville;temps_depuis_villetaneuse;niveau_minimum;domaines_formations_ia_marketing;intitule_poste_formateur;type_contrat;lien_source;contact_recrutement;remarques
IUT de Villetaneuse — Univ. Sorbonne Paris Nord;université / IUT;Villetaneuse;0;Bachelor (BUT);Techniques de commercialisation, marketing digital, e-business;;;https://www.univ-spn.fr/portfolio/iut-villetaneuse/;Non indiqué;Sur place — BUT TC avec parcours Marketing Digital & E-business en alternance
Sup Galilée (Institut Galilée) — Univ. Sorbonne Paris Nord;école d'ingénieur;Villetaneuse;0;Bachelor (Licence);Informatique, mathématiques appliquées, télécoms, réseaux;;;https://www.sup-galilee.univ-paris13.fr/;Non indiqué;Sur place — Bac+3 à Bac+5 en sciences et ingénierie
IUT de Saint-Denis — La Plaine — Univ. Sorbonne Paris Nord;université / IUT;La Plaine-Saint-Denis;~10;Bachelor (BUT);Marketing digital, e-business, entrepreneuriat, CRM;;;https://iutsd.univ-spn.fr/;Non indiqué;BUT TC parcours Marketing Digital & E-business — proche de Villetaneuse
Ascencia Business School (Collège de Paris);école de commerce;Aubervilliers;~15;Bachelor;Marketing communication, développement commercial, RH;;;https://www.ascencia-business-school.com/campus/saint-denis-aubervilliers/;Non indiqué;Groupe Collège de Paris — Masters Bac+5 en management et marketing
ISCOD — École Business & IT;école digitale / école en ligne;Saint-Denis;~20;Bachelor;Marketing & communication IA, marketing automation, transformation digitale, IA générative;;;https://www.iscod.fr/ecole-business-et-it-saint-denis-en-alternance;Non indiqué;100% alternance en ligne — Bachelor Marketing IA, MBA Marketing Digital IA, Mastère Transformation Digitale & IA
Excellence Business School;école de commerce;Épinay-sur-Seine;~15;Bachelor;Marketing, commerce, ingénierie commerciale;;;https://www.excellence-bs.com/;Non indiqué;Bachelor Commerce & Marketing hybride (50% présentiel / 50% en ligne) — Master Bac+5
IMA Business School;école de commerce;Saint-Denis;~20;Bachelor;Commerce, management, marketing;;;https://ima-school.com/;Non indiqué;Bac à Bac+5 en alternance ou formation initiale
Campus Fonderie de l'Image;CFA (métiers du numérique);Bagnolet;~20;Bachelor;Communication visuelle & médias numériques, numérique créatif, animation;;;https://www.campusfonderiedelimage.org/;fonderiedelimage@gmail.com — 01 55 82 41 51;CFA des métiers de la communication numérique — Bachelor, Licence Pro, DN MADE
CFA Union — Site Saint-Denis;CFA;Saint-Denis;~15;Bachelor (BUT);Marketing digital, e-business, entrepreneuriat, CRM;;;https://site.cfa-union.org/formations/fiche/156;Non indiqué;BUT Techniques de Commercialisation parcours MDEE en apprentissage
ISCE Alternance;organisme de formation / CFA;Paris (antenne 93);~30;Bachelor;Commerce, management, marketing digital;;;https://isce-alternance.fr/formation-en-alternance-seine-saint-denis-93/;Non indiqué;98% d'insertion — Bachelor et Master en alternance
Collège de Paris (groupe);groupe d'écoles de commerce;Paris 1er;~35;Bachelor;Marketing digital, communication, IA marketing, growth, branding;;;https://www.collegedeparis.com;recrutement@collegedeparis.com — 01 48 78 73 00;Regroupe Ascencia, Digital College, PSTB, École Conte, EPB — formation continue disponible
Digital College (Collège de Paris);école digitale;Paris;~35;Bachelor;Marketing digital & IA, growth hacking, social media, content marketing;;;https://www.digital-college.fr/;Non indiqué;Bachelor Communication Marketing Digital & IA — proche des intitulés ciblés
Pigier Paris;école de commerce;Paris 19e;~30;Bachelor;Communication, webmarketing, marketing digital, MBA marketing;;;Formateur webmarketing / MBA Marketing Digital;Job dating / CDI;https://www.pigier.com/paris/formations-communication-marketing-digital;Non indiqué;Job dating formateurs organisé par l'école — opportunité concrète de recrutement
MyDigitalSchool;école digitale;Paris;~35;Bachelor;Marketing digital, chef de projet digital, webmarketing, MBA marketing digital;;;https://www.mydigitalschool.com/;Non indiqué;Modèle basé sur praticiens en exercice — candidature spontanée recommandée
IIM — Institut de l'Internet et du Multimédia;école digitale;La Défense / Paris;~35;Bachelor;Marketing & communication digitale, e-business, commerce digital;;;https://www.iim.fr/cursus/bachelor-marketing-communication-digitale/;Non indiqué;N°1 e-Business & Commerce Digital — intervenants professionnels — candidature spontanée
ISCOM;école de communication;Paris;~40;Bachelor;Communication, marketing digital, retail media, MBA marketing digital;;;https://www.iscom.fr/formation/bachelor-communication-marketing-digital;Non indiqué;Bachelor + MBA Marketing Digital E-Business — modèle avec alumni et pros — voir recrutement
ISEFAC;école de communication / digital;Paris;~35;Bachelor;Growth hacking, social media, marketing digital, IA (masterclasses);;;https://www.isefac.org/ecole-digital;Non indiqué;75%+ des formateurs sont des professionnels en activité — candidature spontanée
IFAG Paris;école de commerce;Paris;~35;Bachelor;Management, marketing, gestion d'activité;;;https://www.ifag.com/etudes/paris-bachelor-management;Non indiqué;Bachelor Responsable d'Activité — offres sur regionsjob.com et recrutement-cd.fr
Digital Campus;école digitale;Paris;~35;Bachelor;Marketing digital, influence, stratégie digitale, SEO/SEA, community management;;;https://www.digital-campus.fr/formation/bachelor-webmarketing;Non indiqué;Conférences pros, hackathons, projets clients — intervenants réguliers
ISTEC;école de commerce;Paris;~40;Bachelor;Marketing & communication digitale, marketing automation;;;https://istec.fr/programmes/bachelor-management/bachelor-management-marketing-digital-communication/;Non indiqué;Bachelor Marketing Digital en alternance — candidature spontanée
ESGCI;école de commerce;Paris;~40;Bachelor;Commerce, marketing, développement commercial;;;https://www.esgci.com/marketing-commerce;Non indiqué;Bachelor Commerce Marketing en initial ou apprentissage
Ynov Campus;école digitale;Paris (plusieurs campus);~35;Bachelor;Marketing & communication digitale, IA marketing, digital (RNCP niveau 6);;;https://www.ynov.com/formations/marketing-communication/bachelor-digital-ia-specialisation-marketing;Non indiqué;Bachelor Digital & IA — spécialisation marketing — proche des intitulés ciblés
CFA AFFIDA;CFA;Argenteuil (95);~25;Bachelor;Marketing digital & e-commerce, stratégie digitale;;;https://www.affida.fr/nos-formations/je-choisis-ma-formation-en-alternance/bachelor-marketing-digital-et-e-commerce;Non indiqué;Bachelor Marketing Digital & E-Commerce — rythme 1 semaine CFA / 3 semaines entreprise — rentrée septembre
CFA Union — Site Nanterre;CFA;Nanterre (92);~35;Bachelor (BUT);Marketing digital, e-business, CRM, entrepreneuriat;;;https://site.cfa-union.org/formations/fiche/139;Non indiqué;BUT Techniques de Commercialisation parcours MDEE — Marketing Digital & E-business
CFA de l'Université Paris Nanterre;CFA universitaire;Nanterre (92);~35;Bachelor;Information-communication, management, gestion;;;https://cfa.parisnanterre.fr/;Non indiqué;CFA adossé à l'université — Licences à Masters en apprentissage
Cnam / INTEC — CFA IDF;CFA / organisme de formation;Paris 3e;~35;Master (Bac+5);Marketing dans un monde digital, management, disciplines numériques;Chargé d'enseignement vacataire en disciplines numériques;Vacataire;https://cfa-idf.cnam.fr/formations/rechercher-par-discipline/master-marketing-dans-un-monde-digital-1179717.kjsp;https://intec.cnam.fr/recrutement-des-charges-d-enseignement-vacataires-et-intervenants-conferenciers-189438.kjsp;Recrutement vacataires permanent — Master Marketing digital et data en apprentissage
ISM — Institut Supérieur du Marketing;organisme de formation continue;Paris;~35;Bac+3 (formation continue);IA générative marketing, growth hacking, CRM, social media, marketing analytics;Formateur expert (200 intervenants actifs);Vacataire;https://www.ism.fr/;Non indiqué;10 000 pros formés/an — programme IA générative marketing (07-08/07/2026) — recrutement permanent
Efrei;école d'ingénieur;Villejuif (94);~45;Bachelor;Bachelor Marketing Digital & Communication, Bachelor Data Marketing et IA;Intervenant / formateur Bachelor Data & IA;Vacataire;https://www.efrei.fr/formation/bachelor-data-marketing-et-ia/;https://efrei.nous-recrutons.fr/offres-emploi/;Bachelor Data Marketing & IA (32 places/an) — portail recrutement actif
Epitech Digital;école digitale;Paris 11e;~40;Bachelor;Marketing digital & influence, MBA marketing digital, tech, IA;;;https://www.epitech.digital/master-marketing-influence/;Non indiqué;Groupe Ionis — intervenants professionnels — candidature spontanée recommandée
ESM-A — École Supérieure de Management en Alternance;école de management;Marne-la-Vallée;~50;Bachelor (BBA);Management, commerce, marketing;Intervenant professionnel;Non précisé;https://esm-a.eu/;Non indiqué;100% alternance — BBA (Bac+3) et Grande École Bac+5 — candidature spontanée
Groupe GEMA — IA School & ESI Business School;école IA / école de commerce;Boulogne-Billancourt;~45;Bachelor;Management IA, marketing IA, IA générative business, social media IA, cybersécurité;Intervenant / Formateur — Management IA, Marketing IA;Vacataire;https://www.groupe-gema.com/le-groupe-gema/recrutement/intervenant-formateur/;https://groupe-gema.welcomekit.co/;Recrutement permanent et actif — 4 000 étudiants — parfaitement aligné avec les intitulés ciblés
IA School (Groupe GEMA);école spécialisée IA;Boulogne-Billancourt;~45;Bachelor;IA générative business, social media IA, management d'équipes IA, prompt engineering;Intervenant / Formateur en IA;Vacataire;https://www.intelligence-artificielle-school.com/intervenant/;https://www.intelligence-artificielle-school.com/recrutement-2/;Recrutement permanent — page dédiée intervenants — intitulés cours très proches des modules ciblés
EFAP Paris;école de communication;Paris;~35;Master (Bac+5);MBA Digital Marketing & Business IA & Data, marketing stratégique, SEO;Intervenant rentrée 2025-2026 — marketing digital, IA & Data;Vacation;https://alumni.efap.com/fr/news/recherche-d-intervenants-pour-la-rentree-2025-a-paris-77?id_details_groupe=19;Formulaire alumni;Annonce active — MBA Digital Marketing & Business IA & Data en cours de renforcement pédagogique
ISC Paris;école de commerce;Paris;~35;Master (Bac+5);Marketing digital, négociation, communication, stratégie;Professeur vacataire — marketing digital, communication;Vacataire;https://www.iscparis.com/recrutement/;CV + LM + domaine à envoyer via formulaire;Recrutement vacataires via candidature directe sur site
Excelia Group (campus Paris);école de commerce;Paris;~35;Bachelor / Master;Marketing (Bachelor et Master), commerce international;Intervenant Extérieur Marketing F/H;Intervenant extérieur;https://jobs.excelia-group.fr/jobs/7557389-intervenant-exterieur-marketing-f-h;Formulaire offre;Annonce identifiée — cours ponctuels Bachelor et Master
IAE Paris-Sorbonne;université;Paris 13e;~35;Master (Bac+5);Marketing, gestion, communication, management;Chargé d'enseignement vacataire — marketing, gestion;Vacataire;https://www.iae-paris.com/fr/liae-paris-sorbonne/travailler-liae-paris-sorbonne;8 bis rue de la Croix Jarry, 75013 Paris (courrier);Recrutement ouvert en permanence — lettre + CV à envoyer au secrétariat
CNAM Île-de-France;organisme de formation / université;Paris 3e;~35;Master (Bac+5);IA générative, management, disciplines numériques;Formateur vacataire IA générative (NFP106);Vacataire (max 192h/an);https://cnam-idf.fr/recrutement;https://cnam-idf.fr/recrutement;Poste identifié sur LinkedIn (30 avril 2026) — payé en fin d'exécution — profil Master ou ingénieur requis
Mister IA;organisme de formation privé;Paris;~35;Formation continue;IA générative, prompt engineering, transformation des entreprises par l'IA;Formateur/Formatrice en IA générative;CDI;https://www.welcometothejungle.com/fr/companies/mister-ia;Formulaire Welcome to the Jungle;CDI — organisme en forte croissance (3 → 100 collaborateurs, 30 000 personnes formées)
IUT Dijon-Auxerre-Nevers;université / IUT;Dijon;>1h;Formation continue pro;IA pour les professionnels (projet CAIRE, parcours hybride IA);Formateur en intelligence artificielle pour professionnels;CDD public;https://choisirleservicepublic.gouv.fr/offre-emploi/formateur-en-intelligence-artificielle-pour-les-professionnels-reference-2026-2250506/;Portail service public;Hors périmètre géographique mais offre très ciblée sur IA appliquée — signalé pour référence
Jedha;bootcamp / école data;Paris;~35;Formation continue;Prompt engineering, data science, IA;;;https://www.jedha.co/formations/formation-prompt-engineer;Non indiqué;Formation Prompt Engineer — candidature spontanée formateur recommandée
La Capsule;école no-code / tech;Paris;~35;Formation continue;No-code, automation, IA maker;;;https://www.lacapsule.academy/formation-no-code-maker;Non indiqué;Formation No-Code & IA — profil formateur automation / no-code pertinent
École Cube;école no-code;Paris;~35;Formation continue;No-code, prompt engineering, automatisation;;;https://www.ecole.cube.fr/formation-nocode;Non indiqué;Formation No-Code & Prompt Engineering — candidature spontanée recommandée
CCI Paris Île-de-France;organisme de formation consulaire;Paris;~35;Formation continue;Agents IA, marketing B2B, prospection IA, vente IA;;;https://www.entreprises.cci-paris-idf.fr/offres/formation-creer-ses-agents-ia-pour-la-vente-la-prospection-le-marketing-b2b;Non indiqué;Formation "Créer ses agents IA pour la vente, la prospection et le marketing B2B" — très aligné
HEC Paris Executive Education;grande école / formation continue;Jouy-en-Josas;~50;Formation continue (Bac+5);IA & Data en marketing et ventes, décision stratégique augmentée;;;https://www.hec.edu/en/executive-education/ia-data-en-marketing-et-ventes;Non indiqué;Programme IA & Data Marketing — intervenants experts — candidature spontanée
Sciences Po Executive Education;grande école / formation continue;Paris 7e;~35;Formation continue (Bac+5);IA pour communication et marketing, décision stratégique;;;https://www.sciencespo.fr/executive-education/en/programmes-for-individuals/short-programmes/exploring-ai-for-communication-and-marketing-professionals/;Non indiqué;Programme IA pour communication & marketing — profil stratégie & branding IA pertinent
IMT Business School Executive;école d'ingénieur / formation continue;Évry;~50;Formation continue (Bac+5);Intelligence artificielle & data marketing, analytics prédictif;;;https://executive-education.imt-bs.eu/formation/intelligence-artificielle-et-data-marketing/;Non indiqué;Formation IA & Data Marketing — très proche de "Marketing Analytics et IA Prédictive"
EMS — Epinay Management School;CFA / école de commerce;Épinay-sur-Seine;~10;Bachelor;Marketing, commerce, management, marketing analytics;Formateur vacataire marketing et commerce;Non précisé;https://ems-epinay.com/bachelor-responsable-marketing-et-commercial;01 84 21 01 51 — ems-epinay.com;Bachelor Responsable Marketing et Commercial + Masters of Science (Marketing, Data, Finance) — proche des intitulés ciblés
Excellence Business School;CFA / école de commerce;Épinay-sur-Seine;~10;Bachelor;Marketing, commerce, ingénierie commerciale;;;https://www.excellence-bs.com/bachelor-commerce-marketing;Formulaire de contact — excellence-bs.com;Formateurs professionnels en activité (Google, Amazon, Microsoft mentionnés) — candidature spontanée recommandée
EANOV School;école privée (métiers du son);Épinay-sur-Seine;~10;Bachelor (Licence niv. 2);Audio, production, ingénierie du son;;;https://eanovschool.com/;contact@eanovschool.com — 01 49 51 92 85;Hors périmètre marketing/IA — signalé pour exhaustivité géographique
FCIA Formation;organisme de formation (association);Épinay-sur-Seine;~10;Formation continue;Formation professionnelle adultes, insertion professionnelle, CIP;;;https://fciaformation.org/;contact@fciaformation.org — 09 50 89 63 61;Certifié Qualiopi — recrute formateurs FPA et CIP — contact direct
GRETA MTE 93;GRETA (réseau éducation nationale);Saint-Denis;~15;CAP à Bac+3;Commerce, tertiaire, bureautique, logistique, FLE;Formateur vacataire (offres France Travail actives);Vacataire;https://www.forpro-creteil.org/recrutement/nos-offres-d-emploi/;https://candidat.francetravail.fr/offres/emploi/formateur/seine-saint-denis/s20m22d93;GRETA MTE 93 — 15 av. Jean Moulin Saint-Denis — offres formateurs publiées sur France Travail
CFM France — Campus Formations & Métiers;centre de formation privé;Bobigny;~15;Bac+2 à Bac+3;Commerce, management, BTS MCO, NDRC;;;https://cfmfrance.fr/;contact@cfmfrance.fr — 01 48 32 30 30;8 rue Primo Lévi, 93000 Bobigny — 5 km de Villetaneuse — campus 2100m² — candidature spontanée directe
AFPA — Centre de Stains;organisme de formation (établissement public);Stains;~10;Formation qualifiante;Construction, industrie, services — 14 formations qualifiantes;Formateur (offres Hellowork actives);Non précisé;https://www.afpa.fr/nous-rejoindre;https://www.hellowork.com/fr-fr/entreprises/afpa-22669/ville_stains-93240.html — 09 72 72 39 36;1 rue de la Citoyenneté, 93240 Stains — 3 km de Villetaneuse — 1190 stagiaires/an — taux réussite 89%
CNAM IDF — Centre de Saint-Denis;organisme de formation / université;Saint-Denis;~15;Master (Bac+5);Marketing digital, IA générative, management, disciplines numériques;Formateur vacataire IA générative (NFP106);Vacataire (max 192h/an);https://cnam-idf.fr/recrutement;candidature-spontanee@lecnam.net;61 rue du Landy, 93210 La Plaine Saint-Denis — recrutement permanent — profil Bac+5 ou ingénieur requis
CFA CNAM IDF;CFA / organisme de formation;La Plaine-Saint-Denis;~15;Bachelor à Master;Marketing digital, gestion, comptabilité, entrepreneuriat, humanités numériques;;;https://cfa-idf.cnam.fr;cfa-idf@cnam.fr — 01 58 80 83 61;61 rue du Landy, 93114 La Plaine Saint-Denis — 120 enseignants-chercheurs et formateurs professionnels
Université Paris 8 — Vincennes-Saint-Denis;université;Saint-Denis;~20;Licence à Doctorat;Sciences humaines et sociales, informatique, arts, langues;Chargé d'enseignement vacataire;Vacataire;https://nous-recrutons.univ-paris8.fr/offres-emploi/;https://www.univ-paris8.fr/Vacataires-inscriptions-8874;2 rue de la Liberté, 93526 Saint-Denis — dossier vacataire à soumettre avant toute intervention — renouvellement annuel
EICAR — École Internationale de Création Audiovisuelle;école supérieure (audiovisuel);La Plaine-Saint-Denis;~15;Bac+2 à Bac+5;Audiovisuel, cinéma, réalisation, son, production;;;https://www.eicar.fr/;kharoufa.boudjakdji@eicar.fr — 01 49 98 11 11;50 av. du Président Wilson Bât.136, 93214 La Plaine — hors marketing/IA mais intervenants professionnels recherchés
INSPe Académie de Créteil — campus Saint-Denis;INSPE (formation enseignants);Saint-Denis;~20;Master (MEEF Bac+5);Formation initiale et continue des enseignants;Vacataire / chargé de cours;Vacataire;https://inspe.u-pec.fr/l-inspe/recrutement-1;Formulaire recrutement INSPE;Campus Saint-Denis rattaché à l'UPEC — recrute professionnels pour missions ponctuelles d'enseignement
M2i Formation — Centre Saint-Denis;centre de formation (IT/digital);Saint-Denis;~15;Formation continue (certifiante);Informatique, IA, digital, management, soft skills;Formateur expert (IA, digital, management);Freelance / indépendant;https://www.m2iformation.fr/devenir-formateur-expert-m2i-formation/;cpf@m2iformation.fr;Adresse Saint-Denis confirmée : m2iformation.fr/centre-de-formation/saint-denis/205/ — recrutement formateurs actif
FMS — Formation Management Sécurité;organisme de formation;Saint-Denis;~15;Formation continue;Sécurité, management, formations professionnelles;;;https://fms-formation.com/;Formulaire contact fms-formation.com;175 bd Anatole France, 93200 Saint-Denis — 7 salles sur 480m² — proximité Carrefour Pleyel
BTP CFA Saint-Denis;CFA (BTP);Saint-Denis;~15;Bac Pro à Bac+2;Bâtiment, travaux publics, électricité, plomberie, métallerie;;;https://btpcfa-iledefrance.fr/notre-reseau/btp-cfa-saint-denis/;01 49 71 30 30;21 rue Prairial, 93200 Saint-Denis — hors périmètre IA/marketing mais recrutement formateurs via direction pédagogique
CFA Union — BUT TC MDEE Saint-Denis;CFA;Saint-Denis;~15;Bachelor (BUT);Marketing digital, e-business, CRM, entrepreneuriat;;;https://site.cfa-union.org/formations/fiche/156;cfa-union.org;BUT Techniques de Commercialisation parcours Marketing Digital & E-business — en apprentissage
ISCOD — recrutement interne;école digitale / en ligne;Saint-Denis;~20;Bachelor à Master;Marketing IA, communication, management, digital, RH;Formateur / tuteur pédagogique;Non précisé;https://recrutement.iscod.fr/;recrutement.iscod.fr — iscod.fr/contact;100% alternance en ligne — recrutement formateurs et tuteurs via page dédiée
GRETA Val d'Oise — Enghien-les-Bains;GRETA (réseau éducation nationale);Enghien-les-Bains;~20;CAP à Bac+3;Commerce, tertiaire, bureautique, bilan de compétences, VAE;Formateur vacataire;Vacataire;https://www.greta-95.fr/;01 34 48 59 00 — greta-95.fr;Lycée Gustave Monod, Enghien-les-Bains (95880) — couvre tout le Val d'Oise — offres actives
ORSYS Formation;organisme de formation (IT/numérique);La Défense;~25;Formation continue;IA, automatisation, numérique, cybersécurité, management;Formateur IA (offre active sur Taleez);Freelance;https://taleez.com/apply/formateur-en-intelligence-artificielle-paris-orsys;Formulaire Taleez;1 Parvis de La Défense, 92044 — 2500+ formations, 40 centres France — offre formateur IA active
M2i Formation — Paris / La Défense;centre de formation (IT/numérique);La Défense;~25;Formation continue;Informatique, IA, digital, management;Formateur expert IA et digital;Freelance / indépendant;https://www.m2iformation.fr/devenir-formateur-expert-m2i-formation/;cpf@m2iformation.fr — macarriere.m2iformation.fr/offres/;Groupe Skolae — formateurs indépendants sur toute la France — partenariat long terme
Demos Formation;organisme de formation (management/RH);Paris;~30;Formation continue;Management, droit social, RH, CSE, soft skills;Formateur expert (600+ formateurs réseau);Freelance;https://www.demos.fr/devenir-formateur-demos/;Formulaire en ligne — demos.fr/carriere/;Envoyer CV + NDA + remplir formulaire — 600 formateurs experts indépendants
Cegos;organisme de formation (leader international);Paris;~30;Formation continue;Management, RH, IT, soft skills, marketing;Formateur expert accrédité;Freelance / CDI;https://recrutement.cegos.com/;recrutement.cegos.com;Leader international — processus d'accréditation qualité spécifique — 1000 formateurs
EduGroupe;centre de formation (IT/bureautique);Paris (Porte Maillot);~30;Formation continue;Informatique, bureautique, digital;Consultant-formateur indépendant;Freelance;https://edugroupe.com/postuler/;edugroupe.com/nous-rejoindre/ — formulaire;Bac+3/+5 requis + 2-5 ans d'expérience — 3 min Métro ligne 1
Dawan;organisme de formation (IT);Paris;~30;Formation continue;Développement, réseaux, web, informatique;Formateur consultant IT;Freelance;https://www.dawan.fr/recrutements/offres;dawan.fr/recrutements/offres;Formateurs sur toute la France dont Île-de-France
Walter Learning;organisme de formation (en ligne);Paris;~30;Formation continue;Formation professionnelle en ligne multi-secteurs;Formateur / expert pédagogique;Non précisé;https://walter-learning.com/carrieres;walter-learning.com/carrieres;100 000+ formations vendues — Paris, Marseille, Montpellier + international
Formaposte Île-de-France;CFA (Groupe La Poste);Paris / IDF;~30;Apprentissage BTS à Master;Métiers La Poste — courrier, numérique, banque, colis;Formateur interne;CDI;https://www.hellowork.com/fr-fr/entreprises/formaposte-ile-de-france-15488.html;Hellowork — France Travail;CFA pour les métiers du Groupe La Poste — formateurs internes principalement
